,expRg,expRgErr,Rg_C2,Rg_C2_err,temp,pH,ionic,N,fasta
ERD14,4.6,0.1,4.307766121840240,0.024177124,293,7.5,0.17,184,AEEIKNVPEQEVPKVATEESSAEVTDRGLFDFLGKKKDETKPEETPIASEFEQKVHISEPEPEVKHESLLEKLHRSDSSSSSSSEEEGSDGEKRKKKKEKKKPTTEVEVKEEEKKGFMEKLKEKLPGHKKPEDGSAVAAAPVVVPPPVEEAHPVEKKGILEKIKEKLPGYHPKTTVEEEKKDKE
Fez1,3.6,0.1,3.778867317247380,0.029617689,293,7.4,0.168,103,QIQEEEETLQDEEVWDALTDNYIPSLSEDWRDPNIEALNGNCSDTEIHEKEEEEFNEKSENDSGINEEPLLTADQVIEEIEEMMQNSPDPEEEEEVLEEEDGG
ERD10,6,0.1,5.291515823,0.029635506,293,7.5,0.17,259,AEEYKNTVPEQETPKVATEESSAPEIKERGMFDFLKKKEEVKPQETTTLASEFEHKTQISEPESFVAKHEEEEHKPTLLEQLHQKHEEEEENKPSLLDKLHRSNSSSSSSSDEEGEDGEKKKKEKKKKIVEGDHVKTVEEENQGVMDRIKEKFPLGEKPGGDDVPVVTTMPAPHSVEDHKPEEEEKKGFMDKIKEKLPGHSKKPEDSQVVNTTPLVETATPIADIPEEKKGFMDKIKEKLPGYHAKTTGEEEKKEKVSD
FCP1,1.56,0.01,1.6659339170462200,0.006802942,298,6.5,0.11,32,ESSRESSNEDEGSSSEADEMAKALEAELNDLM
Calpastatin,3.9,0.1,3.565686550227530,0.034861556,293,7.5,0.17,141,AVPVESKPDKPSGKSGMDAALDDLIDTLGGPEETEEENTTYTGPEVSDPMSSTYIEELGKREVTIPPKYRELLAKKEGITGPPADSSKPIGPDDAIDALSSDFTCGSPTAAGKKTEKEESTEVLKAQSAGTVRSAAPPQEK
MenVL,2.54,0.041,2.1730211049836600,0.01195685,283,8.5,0.15,62,TTIKIMDPGVGDGATAAKSKRLFKEAPVVVSGPVIGDNPIVDADTIQLDELARPSLPKTKSQ
Msh6_NTR,5.6,0.2,4.387425518407610,0.027310459,293,8,0.12,313,MAPATPKTSKTAHFENGSTSSQKKMKQSSLLSFFSKQVPSGTPSKKVQKPTPATLENTATDKITKNPQGGKTGKLFVDVDEDNDLTIAEETVSTVRSDIMHSQEPQSDTMLNSNTTEPKSTTTDEDLSSSQSRRNHKRRVNYAESDDDDSDTTFTAKRKKGKVVDSESDEDEYLPDKNDGDEDDDIADDKEDIKGELAEDSGDDDDLISLAETTSKKKFSYNTSHSSSPFTRNISRDNSKKKSRPNQAPSRSYNPSHSQPSATSKSSKFNKQNEERYQWLVDERDAQRRPKSDPEYDPRTLYIPALEHHHHHH
AavLEA1,4.1,0.1,3.951298860602950,0.071026631,293,7.5,0.17,163,MGSSHHHHHHSSGLVPRGSHMSSQQNQNRQGEQQEQGYMEAAKEKVVNAWESTKETLSSTAQAAAEKTAEFRDSAGETIRDLTGQAQEKGQEFKERAGEKAEETKQRAGEKMDETKQRAGEMRENAGQKMEEYKQQGKGKAEELRDTAAEKLHQAGEKVKGRD
hNHE1cdt,3.7,0.1,3.416627599705580,0.027997853,278,7.4,0.2,130,VPAHKLDSPTMSRARIGSDPLAYEPKEDLPVITIDPASPQSPESVDLVNEELKGKVLGLSRDPAKVAEEDEDDDGGIMMRSKETSSPGTDDVFTPAPSDSPSSQRIQRCLSDPGPHPEPGEGEPFFPKGQ
HeV_PNT3_3Y3A,3.95,0.03,3.480044331947330,0.035102623,293,7.2,0.12,133,MSYYHHHHHHLESTSLYKKAGFTPTEEPPVIPEAAAGSGRRGDLSKSPPRGNVNLDSIKIYTSDDEDENQLEYEDEFAKSSSEVVIDTTPEDNDSINQEEVVGDPSDQGLEHPFPLGKFPEKEETPDVRRKDS
ht2N3R,6.3,0.3,6.282026548555900,0.096687847,293.2,7.4,0.15,410,MAEPRQEFEVMEDHAGTYGLGDRKDQGGYTMHQDQEGDTDAGLKESPLQTPTEDGSEEPGSETSDAKSTPTAEDVTAPLVDEGAPGKQAAAQPHTEIPEGTTAEEAGIGDTPSLEDEAAGHVTQARMVSKSKDGTGSDDKKAKGADGKTKIATPRGAAPPGQKGQANATRIPAKTPPAPKTPPSSGEPPKSGDRSGYSSPGSPGTPGSRSRTPSLPTPPTREPKKVAVVRTPPKSPSSAKSRLQTAPVPMPDLKNVKSKIGSTENLKHQPGGGKVQIVYKPVDLSKVTSKCGSLGNIHHKPGGGQVEVKSEKLDFKDRVQSKIGSLDNITHVPGGGNKKIETHKLTFRENAKAKTDHGAEIVYKSPVVSGDTSPRHLSNVSSTGSIDMVDSPQLATLADEVSASLAKQGL
HAdV5E1A,3.6,0.058,3.3551827614943500,0.036227859,283,7,0.24,114,GSMSHFEPPTLHELYDLDVTAPEDPNEEAVSQIFPDSVMLAVQEGIDLLTFPPAPGSPEPPHLSRQPEQPEQRALGPVSMPNLVPEVIDLYCYEQLNPPSDDEDEEGEEFVLDY
ht2N4R,6.7,0.3,6.53801414,0.062554522,293.2,7.4,0.15,441,MAEPRQEFEVMEDHAGTYGLGDRKDQGGYTMHQDQEGDTDAGLKESPLQTPTEDGSEEPGSETSDAKSTPTAEDVTAPLVDEGAPGKQAAAQPHTEIPEGTTAEEAGIGDTPSLEDEAAGHVTQARMVSKSKDGTGSDDKKAKGADGKTKIATPRGAAPPGQKGQANATRIPAKTPPAPKTPPSSGEPPKSGDRSGYSSPGSPGTPGSRSRTPSLPTPPTREPKKVAVVRTPPKSPSSAKSRLQTAPVPMPDLKNVKSKIGSTENLKHQPGGGKVQIINKKLDLSNVQSKCGSKDNIKHVPGGGSVQIVYKPVDLSKVTSKCGSLGNIHHKPGGGQVEVKSEKLDFKDRVQSKIGSLDNITHVPGGGNKKIETHKLTFRENAKAKTDHGAEIVYKSPVVSGDTSPRHLSNVSSTGSIDMVDSPQLATLADEVSASLAKQGL
HeV_PNT3_WT,3.67,0.04,3.458498001925090,0.035383196,293,7.2,0.12,133,MSYYHHHHHHLESTSLYKKAGSTPTEEPPVIPEYYYGSGRRGDLSKSPPRGNVNLDSIKIYTSDDEDENQLEYEDEFAKSSSEVVIDTTPEDNDSINQEEVVGDPSDQGLEHPFPLGKFPEKEETPDVRRKDS
NiV_PNT3_WT,3.74,0.02,3.542841001040380,0.025545334,293,7.2,0.12,137,MSYYHHHHHHLESTSLYKKAGFDPAKDSPVIAEHYYGLGVKEQNVGPQTSRNVNLDSIKLYTSDDEEADQLEFEDEFAGSSSEVIVGISPEDEEPSSVGGKPNESIGRTIEGQSIRDNLQAKDNKSTDVPGAGPKDS
MAP2c,6.6,1.3,6.5054668047722500,0.1090252963392930,293,6.9,0.16,467,MADERKDEGKAPHWTSASLTEAAAHPHSPEMKDQGGSGEGLSRSANGFPYREEEEGAFGEHGSQGTYSDTKENGINGELTSADRETAEEVSARIVQVVTAEAVAVLKGEQEKEAQHKDQPAALPLAAEETVNLPPSPPPSPASEQTAALEEATSGESAQAPSAFKQAKDKVTDGITKSPEKRSSLPRPSSILPPRRGVSGDREENSFSLNSSISSARRTTRSEPIRRAGKSGTSTPTTPGSTAITPGTPPSYSSRTPGTPGTPSYPRTPGTPKSGILVPSEKKVAIIRTPPKSPATPKQLRLINQPLPDLKNVKSKIGSTDNIKYQPKGGQVQIVTKKIDLSHVTSKCGSLKNIRHRPGGGRVKIESVKLDFKEKAQAKVGSLDNAHHVPGGGNVKIDSQKLNFREHAKARVDHGAEIITQSPSRSSVASPRRLSNVSSSGSINLLESPQLATLAEDVTAALAKQGL
HeV_PNT3_CTD_3Y3A,2.73,0.02,2.3298584581211700,0.015479698,293,7.2,0.12,77,MSYYHHHHHHLESTSLYKKAGFTPTEEPPVIPEAAAGSGRRGDLSKSPPRGNVNLDSIKIYTSDDEDENQLEYEDEF
lambdaN,3.8,0.35,3.118653342412220,0.034070845,293,7,0.11,107,MDAQTRRRERRAEKQAQWKAANPLLVGVSAKPVNRPILSLNRKPKSRVESALNPIDLTVLAEYHKQIESNLQRIERKNQRTWYSKPGERGITCSGRQKIKGKSIPLI
UL11,2.4,0.2,2.4726585191437600,0.027911886,277,7.5,0.11,104,MGLSFSGTRPCCCRNNVLITDDGEVVSLTAHDFDVVDIESEEEGNFYVPPDMRGVTRAPGRQRLRSSDPPSRHTHRRTPGGACPATQFPPPMSDSEWSHPQFEK
HeV_PNT3_CTD,2.75,0.014,2.2610160707416700,0.016384892,293,7.2,0.12,77,MSYYHHHHHHLESTSLYKKAGFTPTEEPPVIPEYYYGSGRRGDLSKSPPRGNVNLDSIKIYTSDDEDENQLEYEDEF
P300,3.3,0.1,3.327780118789180,0.040267086,293,7.5,0.17,141,MRGSHHHHHHGMASMTGGQQMGRDLYDDDDKDHPSTISPLKPGTVSQQALQNLLRTLRSPSSPLQQQQVLSILHANPQLLAAFIKQRAAKYANSNPQPIPGQPGMPQGQPGLQPPTMPGQQGVHSNPAMQNMNPMQAGVQR
GRB14_PIR,2.6,0.1,2.688341273240500,0.026042794,293,8,0.13,74,SVSPMRSVSENSLVAMDFSGQKTRVIDNPTEALSVAVEEGLAWRKKGCLRLGNHGSPTAPSQSSAVNMALHRSQ
TRF2_BR,1.65,0.05,1.7252937227565600,0.006205059,277,7,0.15,49,GPPGSMAGGGGSSDGSGRAAGRRASRSSGRARRGRHEPGLGGPAERGAG